cross_reference_group,oem_brand,oem_part_number,oem_related_numbers,gates_part_number,dayco_part_number,continental_part_number,bando_part_number,teeth,tooth_pitch_mm,width_mm,effective_length_mm,tooth_profile,construction,relationship_type,verification_status,source_oem,source_cross_reference,source_specification,last_verified,notes
TOYOTA-T240,TOYOTA,13568-69075,13568-65020,T240,95240,40240; TB240,TB240,193,8.000,36,1544,Round Tooth; Flat Tip,Hi Temp,AFTERMARKET_CROSS_REFERENCE,CROSS_REFERENCE_VERIFIED,https://autoparts.toyota.com/products/product/belt-timing-1356869075,https://www.yoyopart.com/oem/12548927/beckarnley-0261014.html,https://www.partcatalog.com/products/dayco-95240-engine-timing-belt-camshaft,2026-09-23,"Toyota official source confirms 13568-69075 and previous version 13568-65020. Independent cross-reference evidence connects T240 and 95240; specification source gives 193 teeth, 8.000 mm pitch, 36 mm width and 1544 mm effective length."
TOYOTA-T199,TOYOTA,13568-09041,,T199; T199RB,95199; 95199FN,40199; TB199,TB199,163,8.000,26.7,1304,Round Tooth; Flat Tip,Hi Temp,AFTERMARKET_CROSS_REFERENCE,CROSS_REFERENCE_VERIFIED,,https://www.finditparts.com/products/4648689/dayco-95199,https://www.finditparts.com/products/4648689/dayco-95199,2026-09-23,"Dayco explicitly cross-references Toyota 13568-09041 with Gates T199/T199RB, Continental 40199/TB199 and Bando TB199."
TOYOTA-T199,TOYOTA,13568-79095,13568-79095-83,T199,95199; 95199FN,40199; TB199,TB199,163,8.000,26.7,1304,Round Tooth; Flat Tip,Hi Temp,AFTERMARKET_CROSS_REFERENCE,CROSS_REFERENCE_VERIFIED,,https://www.finditparts.com/products/4648689/dayco-95199,https://www.finditparts.com/products/4648689/dayco-95199,2026-09-23,"Dayco explicitly lists 13568-79095 and 13568-79095-83 in the 95199 cross-reference family. OEM supersession is intentionally not inferred from this cross-reference alone."
TOYOTA-T271,TOYOTA,13568-69095,13568-62050; 13568-YZZ03,T271,95271; 95271FN,40271; TB271,TB271,191,8.000,36,1528,Round Tooth,Hi Temp,AFTERMARKET_CROSS_REFERENCE,CROSS_REFERENCE_VERIFIED,,https://www.finditparts.com/products/4648738/dayco-95271,https://www.finditparts.com/products/4648738/dayco-95271,2026-09-23,"Dayco directly lists Toyota 13568-69095 and the T271/95271/40271/TB271 family, with 191 teeth, 8.000 mm pitch, 36 mm width and 1528 mm effective length."
TOYOTA-T298,TOYOTA,13568-09070,13568-0F010; 13568-50020; 13568-59095; 13568-59115,T298,95298,40298; TB298,TB298,211,8.000,34,1688,Round Tooth; Flat Tip,Hi Temp,AFTERMARKET_CROSS_REFERENCE,CROSS_REFERENCE_VERIFIED,,https://www.finditparts.com/products/4648756/dayco-95298,https://www.finditparts.com/products/4648756/dayco-95298,2026-09-23,"Dayco directly lists Toyota OEM numbers with Gates T298, Continental 40298/TB298 and Bando TB298; 211 teeth, 8.000 mm pitch, 34 mm width and 1688 mm effective length are independently documented."
TOYOTA-T257,TOYOTA,13568-0A011,13568-09050; 13568-09080; 13568-29015; 13568-29025,T257,95257; 95257FN,40257; TB257,TB257,211,8.000,32,1688,Round Tooth,Hi Temp,AFTERMARKET_CROSS_REFERENCE,CROSS_REFERENCE_VERIFIED,https://www.yoyopart.com/oem/10147642/toyota-135680a011.html,https://www.yoyopart.com/oem/10903370/dayco-95257.html,https://www.autopartsprime.com/dayco/timing-belt/mp-95257,2026-09-23,"Toyota OEM source and reverse cross-reference both connect 13568-0A011 with T257 and 95257. Specification source gives 211 teeth, 8.000 mm pitch, 32 mm width and 1688 mm effective length."
HONDA-T184,HONDA,14400-P7J-004,14400-PR4-A01; 14400-PR4-A01M1,T184; T184RB,95184; 95184FN,40184; TB184,TB184,125,9.525,26,1191,Modified Curvilinear III,Hi Temp,AFTERMARKET_CROSS_REFERENCE,CROSS_REFERENCE_VERIFIED,https://www.hondapartsnow.com/genuine/honda~belt~timing~14400-p7j-004.html,https://www.finditparts.com/products/4648681/dayco-95184,https://www.finditparts.com/products/4648681/dayco-95184,2026-09-23,"Dayco explicitly lists Honda 14400-P7J-004 and related numbers with Gates T184/T184RB, Continental 40184/TB184 and Bando TB184."
HONDA-T226,HONDA,14400-P13-004,14400P13014,T226; T226RB,95226,40226; TB226,TB226,155,8.000,24,1240,Round Tooth,Hi Temp,AFTERMARKET_CROSS_REFERENCE,CROSS_REFERENCE_VERIFIED,,https://www.finditparts.com/products/4648701/dayco-95226,https://www.finditparts.com/products/4648701/dayco-95226,2026-09-23,"Dayco explicitly lists Honda 14400-P13-004 and 14400P13014 with Gates T226/T226RB, Continental 40226/TB226 and Bando TB226, plus full dimensions."
NISSAN-T249,NISSAN,13028-0B700,13028-0B725; 13028-0B785,T249; T249RB,95249; 95249FN,40249; TB249,TB249,133,9.525,25,1267,Round Tooth,Hi Temp,AFTERMARKET_CROSS_REFERENCE,CROSS_REFERENCE_VERIFIED,,https://www.finditparts.com/products/4648733/dayco-95249,https://www.partcatalog.com/dayco-95249-engine-timing-belt.html,2026-09-23,"Dayco explicitly lists Nissan 13028-0B700/0B725/0B785 with Gates T249/T249RB, Continental 40249/TB249 and Bando TB249; specification source gives 133 teeth, 9.525 mm pitch, 25 mm width and 1267 mm effective length."
NISSAN-T251,NISSAN,13028-45P00,13028-16V00; 13028-45P25; 13028-45P85,T251; T251RB,95251,40251; TB251,TB251,228,8.000,32,1824,Round Tooth,Hi Temp,AFTERMARKET_CROSS_REFERENCE,CROSS_REFERENCE_VERIFIED,,https://www.finditparts.com/products/5460630/dayco-95251,https://www.finditparts.com/products/5460630/dayco-95251,2026-09-23,"Dayco explicitly lists Nissan 13028-45P00 and related numbers with Gates T251/T251RB, Continental 40251/TB251 and Bando TB251; specification source gives 228 teeth, 8.000 mm pitch, 32 mm width and 1824 mm effective length."
MITSUBISHI-T128,MITSUBISHI,MD100814,MD113564; MD116786,T128,95128,40128; TB128,TB128,92,9.525,19,876,Round Tooth,Standard Temp and Load,AFTERMARKET_CROSS_REFERENCE,CROSS_REFERENCE_VERIFIED,,https://www.finditparts.com/products/5462754/dayco-95128,https://www.finditparts.com/products/5462754/dayco-95128,2026-09-23,"Dayco explicitly lists Mitsubishi MD100814/MD113564/MD116786 with Gates T128, Continental 40128/TB128 and Bando TB128; specification source gives 92 teeth, 9.525 mm pitch, 19 mm width and 876 mm effective length."
MITSUBISHI-T230,MITSUBISHI,MD182294,MD339052; MD197144; MD323455,T230,95230,40230; TB230,TB230,124,9.525,29,1181,Round Tooth,Hi Temp,AFTERMARKET_CROSS_REFERENCE,CROSS_REFERENCE_VERIFIED,,https://www.yoyopart.com/oem/12493102/oe-md182294.html,https://www.finditparts.com/products/4648704/dayco-95230,https://www.finditparts.com/products/5349156/sealed-power-222-b230,2026-09-23,"Independent sources directly connect Mitsubishi MD182294 with Gates T230, Dayco 95230, Continental 40230/TB230 and Bando TB230; specification source gives 124 teeth, 9.525 mm pitch, 29 mm width and 1181 mm effective length."
MITSUBISHI-T287,MITSUBISHI,1145A043,MD322641; MZ690641,T287,95287; 95287FN,40287; TB287,TB287,195,8.000,32,1560,Round Tooth,Hi Temp,AFTERMARKET_CROSS_REFERENCE,CROSS_REFERENCE_VERIFIED,,https://partsouq.com/en/search/all?q=1145A043,https://www.finditparts.com/products/4648747/dayco-95287,https://www.finditparts.com/products/4648747/dayco-95287,2026-09-23,"Dayco and Gates both list Mitsubishi 1145A043/MD322641 with T287/95287/40287/TB287; specifications are 195 teeth, 8.000 mm pitch, 32 mm width and 1560 mm effective length."
