cross_reference_group,make,model,engine,year_from,year_to,application_source,application_scope,notes
TOYOTA-T240,Toyota,4Runner,3.0L V6,1993,1995,https://www.partcatalog.com/products/dayco-95240-engine-timing-belt-camshaft,Timing belt fitment,Dayco 95240 application.
TOYOTA-T240,Toyota,Pickup,3.0L V6,1993,1995,https://www.partcatalog.com/products/dayco-95240-engine-timing-belt-camshaft,Timing belt fitment,Dayco 95240 application.
TOYOTA-T240,Toyota,T100,3.0L V6,1994,1994,https://www.partcatalog.com/products/dayco-95240-engine-timing-belt-camshaft,Timing belt fitment,Dayco 95240 application.
TOYOTA-T199,Toyota,RAV4,,1996,2000,https://www.finditparts.com/products/4648689/dayco-95199,Timing belt fitment,Dayco 95199 application.
TOYOTA-T199,Toyota,Solara,,1999,2001,https://www.finditparts.com/products/4648689/dayco-95199,Timing belt fitment,Dayco 95199 application.
TOYOTA-T199,Toyota,MR2,,1991,1995,https://www.finditparts.com/products/4648689/dayco-95199,Timing belt fitment,Dayco 95199 application.
TOYOTA-T199,Toyota,Celica,,1987,1999,https://www.finditparts.com/products/4648689/dayco-95199,Timing belt fitment,Dayco 95199 application.
TOYOTA-T199,Toyota,Camry,,1987,2001,https://www.finditparts.com/products/4648689/dayco-95199,Timing belt fitment,Dayco 95199 application.
TOYOTA-T271,Toyota,T100,3.4L V6,1995,1998,https://www.finditparts.com/products/4648738/dayco-95271,Timing belt fitment,Dayco 95271 application.
TOYOTA-T271,Toyota,Tundra,3.4L V6,2000,2004,https://www.finditparts.com/products/4648738/dayco-95271,Timing belt fitment,Dayco 95271 application.
TOYOTA-T271,Toyota,Tacoma,3.4L V6,1995,2004,https://www.finditparts.com/products/4648738/dayco-95271,Timing belt fitment,Dayco 95271 application.
TOYOTA-T271,Toyota,4Runner,3.4L V6,1996,2002,https://www.finditparts.com/products/4648738/dayco-95271,Timing belt fitment,Dayco 95271 application.
TOYOTA-T298,Toyota,Sequoia,,2001,2009,https://www.finditparts.com/products/4648756/dayco-95298,Timing belt fitment,Dayco 95298 application.
TOYOTA-T298,Toyota,Tundra,,2000,2009,https://www.finditparts.com/products/4648756/dayco-95298,Timing belt fitment,Dayco 95298 application.
TOYOTA-T298,Toyota,Land Cruiser,,1998,2007,https://www.finditparts.com/products/4648756/dayco-95298,Timing belt fitment,Dayco 95298 application.
TOYOTA-T298,Toyota,4Runner,,2003,2009,https://www.finditparts.com/products/4648756/dayco-95298,Timing belt fitment,Dayco 95298 application.
TOYOTA-T298,Lexus,GX470,,2003,2009,https://www.finditparts.com/products/4648756/dayco-95298,Timing belt fitment,Dayco 95298 application.
TOYOTA-T298,Lexus,SC430,,2002,2010,https://www.finditparts.com/products/4648756/dayco-95298,Timing belt fitment,Dayco 95298 application.
TOYOTA-T298,Lexus,LS430,,2001,2006,https://www.finditparts.com/products/4648756/dayco-95298,Timing belt fitment,Dayco 95298 application.
TOYOTA-T298,Lexus,GS430,,2001,2007,https://www.finditparts.com/products/4648756/dayco-95298,Timing belt fitment,Dayco 95298 application.
TOYOTA-T298,Lexus,LX470,,1998,2007,https://www.finditparts.com/products/4648756/dayco-95298,Timing belt fitment,Dayco 95298 application.
TOYOTA-T298,Lexus,SC400,,1998,2000,https://www.finditparts.com/products/4648756/dayco-95298,Timing belt fitment,Dayco 95298 application.
TOYOTA-T298,Lexus,LS400,,1998,2000,https://www.finditparts.com/products/4648756/dayco-95298,Timing belt fitment,Dayco 95298 application.
TOYOTA-T257,Toyota,Avalon,3.0L V6,1994,2004,https://na.daycoaftermarket.com/wp-content/uploads/2023/01/DaycoTimingBeltKits_SSFinal2023.pdf,Kit-application reference,"Dayco 95257K1 application guide includes Avalon in the 3.0L group; exact belt-level fitment should still be checked."
TOYOTA-T257,Toyota,Camry,3.0L V6,1994,2004,https://na.daycoaftermarket.com/wp-content/uploads/2023/01/DaycoTimingBeltKits_SSFinal2023.pdf,Kit-application reference,"Dayco 95257K1 application guide includes Camry in the 3.0L group; exact belt-level fitment should still be checked."
TOYOTA-T257,Toyota,Camry Solara,3.0L V6,1994,2004,https://na.daycoaftermarket.com/wp-content/uploads/2023/01/DaycoTimingBeltKits_SSFinal2023.pdf,Kit-application reference,"Dayco 95257K1 application guide includes Camry Solara in the 3.0L group; exact belt-level fitment should still be checked."
TOYOTA-T257,Toyota,Sienna,3.0L V6,1994,2004,https://na.daycoaftermarket.com/wp-content/uploads/2023/01/DaycoTimingBeltKits_SSFinal2023.pdf,Kit-application reference,"Dayco 95257K1 application guide includes Sienna in the 3.0L group; exact belt-level fitment should still be checked."
TOYOTA-T257,Lexus,ES,3.0L V6,1994,2004,https://na.daycoaftermarket.com/wp-content/uploads/2023/01/DaycoTimingBeltKits_SSFinal2023.pdf,Kit-application reference,"Dayco 95257K1 application guide includes Lexus ES in the 3.0L group; exact belt-level fitment should still be checked."
TOYOTA-T257,Lexus,RX,3.0L V6,1994,2004,https://na.daycoaftermarket.com/wp-content/uploads/2023/01/DaycoTimingBeltKits_SSFinal2023.pdf,Kit-application reference,"Dayco 95257K1 application guide includes Lexus RX in the 3.0L group; exact belt-level fitment should still be checked."
HONDA-T184,Honda,CR-V,2.0L4,1997,2001,https://www.finditparts.com/products/4648681/dayco-95184,Timing belt fitment,Dayco 95184 application.
HONDA-T184,Acura,Integra,1.8L4,1990,2001,https://www.finditparts.com/products/4648681/dayco-95184,Timing belt fitment,Dayco 95184 application.
HONDA-T226,Honda,Prelude,,1993,2001,https://www.finditparts.com/products/4648701/dayco-95226,Timing belt fitment,Dayco 95226 application.
NISSAN-T249,Nissan,Maxima,,1994,1994,https://www.finditparts.com/products/4648733/dayco-95249,Timing belt fitment,Dayco 95249 application.
NISSAN-T249,Nissan,D21,,1994,1994,https://www.finditparts.com/products/4648733/dayco-95249,Timing belt fitment,Dayco 95249 application.
NISSAN-T249,Nissan,Xterra,,2000,2004,https://www.finditparts.com/products/4648733/dayco-95249,Timing belt fitment,Dayco 95249 application.
NISSAN-T249,Nissan,Pickup,,1995,1995,https://www.finditparts.com/products/4648733/dayco-95249,Timing belt fitment,Dayco 95249 application.
NISSAN-T249,Infiniti,QX4,,1997,2000,https://www.finditparts.com/products/4648733/dayco-95249,Timing belt fitment,Dayco 95249 application.
NISSAN-T249,Nissan,Quest,,1994,2002,https://www.finditparts.com/products/4648733/dayco-95249,Timing belt fitment,Dayco 95249 application.
NISSAN-T249,Nissan,Pathfinder,,1994,2000,https://www.finditparts.com/products/4648733/dayco-95249,Timing belt fitment,Dayco 95249 application.
NISSAN-T249,Nissan,Frontier,,1999,2004,https://www.finditparts.com/products/4648733/dayco-95249,Timing belt fitment,Dayco 95249 application.
NISSAN-T249,Mercury,Villager,,1994,2002,https://www.finditparts.com/products/4648733/dayco-95249,Timing belt fitment,Dayco 95249 application.
NISSAN-T251,Infiniti,J30,,1994,1997,https://www.finditparts.com/products/5460630/dayco-95251,Timing belt fitment,Dayco 95251 application.
NISSAN-T251,Nissan,300ZX,,1994,1996,https://www.finditparts.com/products/5460630/dayco-95251,Timing belt fitment,Dayco 95251 application.
MITSUBISHI-T128,Eagle Vista,,,1988,1992,https://www.finditparts.com/products/5462754/dayco-95128,Timing belt fitment,Dayco 95128 application.
MITSUBISHI-T128,Mitsubishi,Mirage,,1987,1990,https://www.finditparts.com/products/5462754/dayco-95128,Timing belt fitment,Dayco 95128 application.
MITSUBISHI-T128,Mitsubishi,Precis,,1990,1994,https://www.finditparts.com/products/5462754/dayco-95128,Timing belt fitment,Dayco 95128 application.
MITSUBISHI-T128,Plymouth,Colt,,1987,1991,https://www.finditparts.com/products/5462754/dayco-95128,Timing belt fitment,Dayco 95128 application.
MITSUBISHI-T128,Eagle,Summit,,1989,1990,https://www.finditparts.com/products/5462754/dayco-95128,Timing belt fitment,Dayco 95128 application.
MITSUBISHI-T230,Mitsubishi,Montero Sport,,1997,1999,https://www.finditparts.com/products/4648704/dayco-95230,Timing belt fitment,Dayco 95230 application.
MITSUBISHI-T230,Mitsubishi,Expo LRV,,1993,1994,https://www.finditparts.com/products/4648704/dayco-95230,Timing belt fitment,Dayco 95230 application.
MITSUBISHI-T230,Mitsubishi,Eclipse,,1996,1999,https://www.finditparts.com/products/4648704/dayco-95230,Timing belt fitment,Dayco 95230 application.
MITSUBISHI-T230,Mitsubishi,Expo,,1993,1995,https://www.finditparts.com/products/4648704/dayco-95230,Timing belt fitment,Dayco 95230 application.
MITSUBISHI-T230,Mitsubishi,Galant,,1994,1998,https://www.finditparts.com/products/4648704/dayco-95230,Timing belt fitment,Dayco 95230 application.
MITSUBISHI-T230,Plymouth,Colt,,1993,1994,https://www.finditparts.com/products/4648704/dayco-95230,Timing belt fitment,Dayco 95230 application.
MITSUBISHI-T230,Eagle,Summit,,1993,1996,https://www.finditparts.com/products/4648704/dayco-95230,Timing belt fitment,Dayco 95230 application.
MITSUBISHI-T230,Dodge,Colt,,1993,1994,https://www.finditparts.com/products/4648704/dayco-95230,Timing belt fitment,Dayco 95230 application.
MITSUBISHI-T287,Mitsubishi,Eclipse,,2006,2012,https://www.finditparts.com/products/4648747/dayco-95287,Timing belt fitment,Dayco 95287 application.
MITSUBISHI-T287,Mitsubishi,Galant,,2004,2009,https://www.finditparts.com/products/4648747/dayco-95287,Timing belt fitment,Dayco 95287 application.
MITSUBISHI-T287,Mitsubishi,Endeavor,,2004,2011,https://www.finditparts.com/products/4648747/dayco-95287,Timing belt fitment,Dayco 95287 application.
MITSUBISHI-T287,Mitsubishi,Montero Sport,,1999,2004,https://www.finditparts.com/products/4648747/dayco-95287,Timing belt fitment,Dayco 95287 application.
MITSUBISHI-T287,Mitsubishi,Montero,,1997,2000,https://www.finditparts.com/products/4648747/dayco-95287,Timing belt fitment,Dayco 95287 application.
MITSUBISHI-T287,Mitsubishi,Diamante,,1997,2004,https://www.finditparts.com/products/4648747/dayco-95287,Timing belt fitment,Dayco 95287 application.
