cross_reference_group,oem_part_number,vehicle_make,vehicle_application,engine,year_from,year_to,application_source,verification_status,last_verified,notes
TOYOTA-T070,13568-15010,Toyota,Toyota Carina IV; Toyota Corolla Sedan,Application-specific; verify exact engine,1982,1990,https://plenty.parts/parts/gates-sea/engine/gates-sea-t070-timing-belt-powergrip-t9285701,CROSS_REFERENCE_VERIFIED,2026-09-30,"Toyota OEM family is explicitly listed for Gates-Sea T070. Specs shown by the source: 88 teeth, 9.5 mm pitch, 19 mm width, 838 mm length. Application data is catalog guidance; verify exact engine before ordering."
TOYOTA-T079,13568-54010,Toyota,Toyota Hilux; Toyota HiAce; Toyota Crown; Toyota Cressida,2.2L diesel listed by application source,1979,1985,https://www.auto-doc.be/blue-print/333502,CROSS_REFERENCE_VERIFIED,2026-09-30,"Blue Print ADT37502 directly lists the Toyota OEM family and Gates 5044 / Gates-AU/SEA T079, Continental CT601 and Mitsuboshi 127ZA25. Exact application should be confirmed by engine and market."
TOYOTA-T087,13568-63010,Toyota,Toyota Camry; Toyota Celica,Application-specific; catalog covers listed applications,1983,1986,https://www.finditparts.com/products/5468262/dayco-95087,CROSS_REFERENCE_VERIFIED,2026-09-30,"Dayco 95087 directly lists Toyota 13568-63010, 63020, 63022, 63023 and 69045, with Gates T087, Continental 40087/TB087 and Bando TB087. Listed vehicle applications include Toyota Camry (1983-1986) and Celica (1986)."
TOYOTA-T098,13568-69066,Toyota,Toyota Avensis; Toyota Caldina,2.0L 2C-T; 2.0L 2C; 2.2L 3C-E / 3C-TE in listed applications,1992,2003,https://www.jikiu.jp/catalogue/109974,CROSS_REFERENCE_VERIFIED,2026-09-30,JIKIU lists Toyota 13568-69066 / related numbers with Gates T098 and the 177MR25 specification family. Separate catalog data confirms Gates-AU/SEA T098 and Toyota 13568-69066. Verify the exact engine and market.
TOYOTA-T199,13568-09041,Toyota,Toyota RAV4; Toyota Solara; Toyota MR2; Toyota Celica; Toyota Camry,Application-specific,1987,2001,https://www.finditparts.com/products/8383760/toyota-13568-09041,CROSS_REFERENCE_VERIFIED,2026-09-30,"Multiple independent catalog records connect Toyota 13568-09041 to the T199/95199/TB199 family. Dayco 95199 specifies 163 teeth, 8 mm pitch, 26.7 mm width, 1304 mm effective length."
TOYOTA-T208,13568-11100,Toyota,Toyota Paseo; Toyota Tercel; Toyota Corolla (5E-FE applications),1.5L 5E-FE in listed JIKIU applications,1990,2003,https://www.jikiu.jp/catalogue/113731,CROSS_REFERENCE_VERIFIED,2026-09-30,"Dayco 95208 directly lists the Toyota OEM family and Gates T208/T208RB, Continental 40208/TB208 and Bando TB208. JIKIU provides detailed 5E-FE Toyota application records."
TOYOTA-T236,13568-16040,Toyota,Toyota Corolla,Application-specific,1993,1997,https://www.finditparts.com/products/4648710/dayco-95236,CROSS_REFERENCE_VERIFIED,2026-09-30,"Dayco and Gates records agree on the Toyota OEM family and aftermarket group. Gates T236 specifies 117 teeth, 8 mm pitch, 21 mm top width and 936 mm pitch length."
TOYOTA-T239,13568-15040,Toyota,Toyota Corolla; Toyota Celica,Application-specific; Dayco 95036 fitment includes Corolla and Celica,1988,1993,https://www.finditparts.com/products/15775751/toyota-13568-19135,CROSS_REFERENCE_VERIFIED,2026-09-30,"Toyota 13568-19135 is directly cross-referenced to Gates T239 and Dayco 95036 in independent catalogs. Because other catalog families also associate the same OEM family with T036, this record should be treated as a documented reference family, not a universal interchange statement."
TOYOTA-T240,13568-69075,Toyota,Toyota 4Runner; Toyota Pickup; Toyota T100,3.0L V6 in listed applications,1993,1995,https://autoparts.toyota.com/products/product/belt-timing-1356869075,CROSS_REFERENCE_VERIFIED,2026-09-30,"Toyota official source confirms 13568-69075 and previous version 13568-65020. Gates T240 source lists Toyota 1356865020 and 1356869075 and gives 193 teeth, 8 mm pitch, 36 mm top width and 1544 mm pitch length."
TOYOTA-T257,13568-0A011,Toyota,Toyota Camry; Toyota Highlander; Toyota Sienna; Toyota Solara; Toyota Avalon,3.3L V6 in listed Gates summary; broader catalog applications require engine verification,1994,2010,https://www.yoyopart.com/oem/10147642/toyota-135680a011.html,CROSS_REFERENCE_VERIFIED,2026-09-30,"Gates T257 directly lists Toyota 135680A011 and related Toyota numbers, Dayco 95257/95257FN, Continental 40257/TB257 and Bando TB257. Gates specifies 211 teeth, 8 mm pitch, 32 mm width and 1688 mm pitch length."
TOYOTA-T271,13568-69095,Toyota,Toyota T100; Toyota Tundra; Toyota Tacoma; Toyota 4Runner,5VZ-FE 3.4L in detailed Gates-AU application data,1995,2004,https://www.finditparts.com/products/8383765/toyota-13568-69095,CROSS_REFERENCE_VERIFIED,2026-09-30,"Toyota OEM catalog page at FinditParts lists Gates T271, Dayco 95271/95271FN, Continental 40271/TB271 and Bando TB271. Dayco specifies 191 teeth, 8 mm pitch, 36 mm width and 1528 mm effective length."
TOYOTA-T298,13568-09070,Toyota,Toyota Sequoia; Toyota Tundra; Toyota Land Cruiser; Toyota 4Runner,Application-specific; includes listed Lexus equivalents,1998,2009,https://autoparts.toyota.com/products/product/belt-timimg-1356809070,CROSS_REFERENCE_VERIFIED,2026-09-30,"Toyota official page identifies 13568-09070 as a Genuine Toyota timing belt. Dayco 95298 lists the Toyota OEM family and Gates T298, Continental 40298/TB298 and Bando TB298. Verify exact engine and market."
TOYOTA-T823,13568-11052,Toyota,Toyota Corolla; Toyota Caldina; Toyota Corolla II; Toyota Paseo; Toyota Tercel,1.5L 5E-FE in detailed JIKIU applications,1990,2003,https://www.cars245.com/en/item/toyota-lexus-1356811052-belt-timing/,CROSS_REFERENCE_VERIFIED,2026-09-30,Cars245 lists Toyota 13568-11052/11053 with Gates 5197XS and Gates-AU T823; JIKIU and Bosch catalog data connect the Toyota family to the 123x24 / 8 mm belt family. Verify engine and regional Gates number.
TOYOTA-T1139,13568-46010,Toyota,Toyota Crown; Toyota Soarer,Application-specific,,,https://plenty.parts/parts/gates-sea/engine/gates-sea-t1139-timing-belt-extend-t9286978,CROSS_REFERENCE_VERIFIED,2026-09-30,"Gates-Sea T1139 directly lists the Toyota OEM family and specifies 137 teeth, 9.5 mm pitch, 25 mm width and 1096 mm length. Application data includes Toyota Crown and Soarer."
TOYOTA-T1059-T1150,13568-17030,Toyota,Toyota Land Cruiser; Toyota Coaster,1HZ 4.2L diesel in detailed Land Cruiser / Coaster applications,1993,2009,https://spareto.co.uk/products/blue-print-timing-belt/adt37540,CROSS_REFERENCE_VERIFIED,2026-09-30,Blue Print ADT37540 lists Toyota 13568-17030 and 13568-19195 with Dayco 94925 and Gates T1059/T1150; Gates 5548XS is the corresponding Gates timing belt listing. Detailed vehicle data includes Toyota Land Cruiser / Coaster 1HZ applications.
