cross_reference_group,oem_brand,oem_part_number,oem_related_numbers,gates_part_number,dayco_part_number,continental_part_number,bando_part_number,vehicle_application,engine,year_from,year_to,teeth,tooth_pitch_mm,width_mm,effective_length_mm,tooth_profile,relationship_type,verification_status,source_oem,source_cross_reference,source_specification,last_verified,notes
TOYOTA-T070,TOYOTA,13568-15010,13568-15011; 13568-15020; 13568-15030; 13568-19125,T070,94075; KTB587,330LA075; 5949; CT680,330AL075G; 88ZA19,Toyota Carina IV; Toyota Corolla Sedan,Application-specific; verify exact engine,1982,1990,88,9.5,19,838,Not normalized; source identifies Gates-Sea T070,AFTERMARKET_CROSS_REFERENCE,CROSS_REFERENCE_VERIFIED,https://plenty.parts/parts/gates-sea/engine/gates-sea-t070-timing-belt-powergrip-t9285701,https://plenty.parts/parts/gates-sea/engine/gates-sea-t070-timing-belt-powergrip-t9285701,https://plenty.parts/parts/gates-sea/engine/gates-sea-t070-timing-belt-powergrip-t9285701,2026-09-30,"Toyota OEM family is explicitly listed for Gates-Sea T070. Specs shown by the source: 88 teeth, 9.5 mm pitch, 19 mm width, 838 mm length. Application data is catalog guidance; verify exact engine before ordering."
TOYOTA-T079,TOYOTA,13568-54010,13568-54030; 13568-54040; 13568-59015; 13568-59016; 13568-59017,T079; 5044,,CT601,,Toyota Hilux; Toyota HiAce; Toyota Crown; Toyota Cressida,2.2L diesel listed by application source,1979,1985,127,9.525,25,,Rounded-tooth application reference,AFTERMARKET_CROSS_REFERENCE,CROSS_REFERENCE_VERIFIED,https://www.auto-doc.be/blue-print/333502,https://www.auto-doc.be/blue-print/333502,https://www.auto-doc.be/blue-print/333502,2026-09-30,"Blue Print ADT37502 directly lists the Toyota OEM family and Gates 5044 / Gates-AU/SEA T079, Continental CT601 and Mitsuboshi 127ZA25. Exact application should be confirmed by engine and market."
TOYOTA-T087,TOYOTA,13568-63010,13568-63020; 13568-63022; 13568-63023; 13568-69045,T087,95087; 95087FN,40087; TB087,TB087,Toyota Camry; Toyota Celica,Application-specific; catalog covers listed applications,1983,1986,139,9.525,25,1324,Square Tooth,AFTERMARKET_CROSS_REFERENCE,CROSS_REFERENCE_VERIFIED,https://www.finditparts.com/products/5468262/dayco-95087,https://www.finditparts.com/products/5468262/dayco-95087,https://www.finditparts.com/products/5468262/dayco-95087,2026-09-30,"Dayco 95087 directly lists Toyota 13568-63010, 63020, 63022, 63023 and 69045, with Gates T087, Continental 40087/TB087 and Bando TB087. Listed vehicle applications include Toyota Camry (1983-1986) and Celica (1986)."
TOYOTA-T098,TOYOTA,13568-69066,13568-69066 S1; 13568-69066 S2,T098; 5057XS,94524,CT583K1,177ZH25,Toyota Avensis; Toyota Caldina,2.0L 2C-T; 2.0L 2C; 2.2L 3C-E / 3C-TE in listed applications,1992,2003,177,9.525,25,1686,Trapezoidal / MR catalog family,AFTERMARKET_CROSS_REFERENCE,CROSS_REFERENCE_VERIFIED,https://www.jikiu.jp/catalogue/109974,https://www.jikiu.jp/catalogue/109974,https://www.jikiu.jp/catalogue/109974,2026-09-30,JIKIU lists Toyota 13568-69066 / related numbers with Gates T098 and the 177MR25 specification family. Separate catalog data confirms Gates-AU/SEA T098 and Toyota 13568-69066. Verify the exact engine and market.
TOYOTA-T199,TOYOTA,13568-09041,13568-03010; 13568-03020; 13568-03021; 13568-09040; 13568-71012; 13568-74010; 13568-74011; 13568-74012; 13568-74012-B; 13568-74020; 13568-79025; 13568-79095; 13568-79095-83; 13568-79225; 13568-79229,T199; T199RB; T138,95199; 95199FN,40199; TB199,TB199,Toyota RAV4; Toyota Solara; Toyota MR2; Toyota Celica; Toyota Camry,Application-specific,1987,2001,163,8.000,26.7,1304,"Round Tooth, With Flat Tip",AFTERMARKET_CROSS_REFERENCE,CROSS_REFERENCE_VERIFIED,https://www.finditparts.com/products/8383760/toyota-13568-09041,https://www.finditparts.com/products/4648689/dayco-95199,https://www.finditparts.com/products/4648689/dayco-95199,2026-09-30,"Multiple independent catalog records connect Toyota 13568-09041 to the T199/95199/TB199 family. Dayco 95199 specifies 163 teeth, 8 mm pitch, 26.7 mm width, 1304 mm effective length."
TOYOTA-T208,TOYOTA,13568-11100,13568-11101; 13568-11111; 13568-19115; 13568-19116,T208; T208RB,95208; 95208FN,40208; TB208,TB208,Toyota Paseo; Toyota Tercel; Toyota Corolla (5E-FE applications),1.5L 5E-FE in listed JIKIU applications,1990,2003,128,8.000,26,1024,Round Tooth,AFTERMARKET_CROSS_REFERENCE,CROSS_REFERENCE_VERIFIED,https://www.jikiu.jp/catalogue/113731,https://www.finditparts.com/products/4648693/dayco-95208,https://www.finditparts.com/products/4648693/dayco-95208,2026-09-30,"Dayco 95208 directly lists the Toyota OEM family and Gates T208/T208RB, Continental 40208/TB208 and Bando TB208. JIKIU provides detailed 5E-FE Toyota application records."
TOYOTA-T236,TOYOTA,13568-16040,13568-16041; 13568-16050; 13568-16051; 13568-19045; 13568-19046,T236,95236,40236; TB236,TB236,Toyota Corolla,Application-specific,1993,1997,117,8.000,21,936,Curvilinear (II),AFTERMARKET_CROSS_REFERENCE,CROSS_REFERENCE_VERIFIED,https://www.finditparts.com/products/4648710/dayco-95236,https://www.finditparts.com/products/346252/gates-t236,https://www.finditparts.com/products/346252/gates-t236,2026-09-30,"Dayco and Gates records agree on the Toyota OEM family and aftermarket group. Gates T236 specifies 117 teeth, 8 mm pitch, 21 mm top width and 936 mm pitch length."
TOYOTA-T239,TOYOTA,13568-15040,13568-15041; 13568-15042; 13568-15050; 13568-19135,T239,95036,40239,,Toyota Corolla; Toyota Celica,Application-specific; Dayco 95036 fitment includes Corolla and Celica,1988,1993,190,9.525,19,,Trapezoidal / source-specific; verify against current catalog,AFTERMARKET_CROSS_REFERENCE,CROSS_REFERENCE_VERIFIED,https://www.finditparts.com/products/15775751/toyota-13568-19135,https://www.plenty.parts/parts/gates-sea/engine/gates-sea-t239-timing-belt-powergrip-t9293367,https://www.finditparts.com/products/4648646/dayco-95036,2026-09-30,"Toyota 13568-19135 is directly cross-referenced to Gates T239 and Dayco 95036 in independent catalogs. Because other catalog families also associate the same OEM family with T036, this record should be treated as a documented reference family, not a universal interchange statement. Effective length is intentionally left blank because the cited T239 source does not provide a direct length field for this record."
TOYOTA-T240,TOYOTA,13568-69075,13568-65020,T240,95240; 95240FN,40240; TB240,TB240,Toyota 4Runner; Toyota Pickup; Toyota T100,3.0L V6 in listed applications,1993,1995,193,8.000,36,1544,Curvilinear (II),AFTERMARKET_CROSS_REFERENCE,CROSS_REFERENCE_VERIFIED,https://autoparts.toyota.com/products/product/belt-timing-1356869075,https://www.partcatalog.com/products/gates-t240-engine-timing-belt,https://www.partcatalog.com/products/gates-t240-engine-timing-belt,2026-09-30,"Toyota official source confirms 13568-69075 and previous version 13568-65020. Gates T240 source lists Toyota 1356865020 and 1356869075 and gives 193 teeth, 8 mm pitch, 36 mm top width and 1544 mm pitch length."
TOYOTA-T257,TOYOTA,13568-0A011,13568-09050; 13568-09080; 13568-29015; 13568-29025; 13568-20010; 13568-20020; 13568-0A010,T257,95257; 95257FN,40257; TB257,TB257,Toyota Camry; Toyota Highlander; Toyota Sienna; Toyota Solara; Toyota Avalon,3.3L V6 in listed Gates summary; broader catalog applications require engine verification,1994,2010,211,8.000,32,1688,Curvilinear (II),AFTERMARKET_CROSS_REFERENCE,CROSS_REFERENCE_VERIFIED,https://www.yoyopart.com/oem/10147642/toyota-135680a011.html,https://www.finditparts.com/products/346270/gates-t257,https://www.finditparts.com/products/346270/gates-t257,2026-09-30,"Gates T257 directly lists Toyota 135680A011 and related Toyota numbers, Dayco 95257/95257FN, Continental 40257/TB257 and Bando TB257. Gates specifies 211 teeth, 8 mm pitch, 32 mm width and 1688 mm pitch length."
TOYOTA-T271,TOYOTA,13568-69095,13568-62050; 13568-YZZ03,T271,95271; 95271FN,40271; TB271,TB271,Toyota T100; Toyota Tundra; Toyota Tacoma; Toyota 4Runner,5VZ-FE 3.4L in detailed Gates-AU application data,1995,2004,191,8.000,36,1528,Round Tooth,AFTERMARKET_CROSS_REFERENCE,CROSS_REFERENCE_VERIFIED,https://www.finditparts.com/products/8383765/toyota-13568-69095,https://www.finditparts.com/products/4648738/dayco-95271,https://www.finditparts.com/products/4648738/dayco-95271,2026-09-30,"Toyota OEM catalog page at FinditParts lists Gates T271, Dayco 95271/95271FN, Continental 40271/TB271 and Bando TB271. Dayco specifies 191 teeth, 8 mm pitch, 36 mm width and 1528 mm effective length."
TOYOTA-T298,TOYOTA,13568-09070,13568-0F010; 13568-50020; 13568-59095; 13568-59115,T298,95298,40298; TB298,TB298,Toyota Sequoia; Toyota Tundra; Toyota Land Cruiser; Toyota 4Runner,Application-specific; includes listed Lexus equivalents,1998,2009,211,8.000,34,1688,Round tooth family,AFTERMARKET_CROSS_REFERENCE,CROSS_REFERENCE_VERIFIED,https://autoparts.toyota.com/products/product/belt-timimg-1356809070,https://www.finditparts.com/products/4648756/dayco-95298,https://www.finditparts.com/products/4648756/dayco-95298,2026-09-30,"Toyota official page identifies 13568-09070 as a Genuine Toyota timing belt. Dayco 95298 lists the Toyota OEM family and Gates T298, Continental 40298/TB298 and Bando TB298. Verify exact engine and market."
TOYOTA-T823,TOYOTA,13568-11052,13568-11050; 13568-11051; 13568-11053; 13568-11061; 13568-11062; 13568-19025,T823; 5197XS,94142,CT695,123YH24,Toyota Corolla; Toyota Caldina; Toyota Corolla II; Toyota Paseo; Toyota Tercel,1.5L 5E-FE in detailed JIKIU applications,1990,2003,123,8.000,24,984,MY / manufacturer-specific profile naming,AFTERMARKET_CROSS_REFERENCE,CROSS_REFERENCE_VERIFIED,https://www.cars245.com/en/item/toyota-lexus-1356811052-belt-timing/,https://www.jikiu.jp/catalogue/113731,https://www.motointegrator.at/artikel/353357-zahnriemen-bosch-1-987-949-094,2026-09-30,Cars245 lists Toyota 13568-11052/11053 with Gates 5197XS and Gates-AU T823; JIKIU and Bosch catalog data connect the Toyota family to the 123x24 / 8 mm belt family. Verify engine and regional Gates number.
TOYOTA-T1139,TOYOTA,13568-46010,13568-46040; 13568-49025; 13568-49065,T1139,,,,Toyota Crown; Toyota Soarer,Application-specific,,,137,9.500,25,1096,Rounded tooth,AFTERMARKET_CROSS_REFERENCE,CROSS_REFERENCE_VERIFIED,https://plenty.parts/parts/gates-sea/engine/gates-sea-t1139-timing-belt-extend-t9286978,https://plenty.parts/parts/gates-sea/engine/gates-sea-t1139-timing-belt-extend-t9286978,https://plenty.parts/parts/gates-sea/engine/gates-sea-t1139-timing-belt-extend-t9286978,2026-09-30,"Gates-Sea T1139 directly lists the Toyota OEM family and specifies 137 teeth, 9.5 mm pitch, 25 mm width and 1096 mm length. Application data includes Toyota Crown and Soarer."
TOYOTA-T1059-T1150,TOYOTA,13568-17030,13568-19195,T1059; T1150; 5548XS,94925,,,Toyota Land Cruiser; Toyota Coaster,1HZ 4.2L diesel in detailed Land Cruiser / Coaster applications,1993,2009,92,9.525,25,876,Rounded tooth / MR catalog family,AFTERMARKET_CROSS_REFERENCE,CROSS_REFERENCE_VERIFIED,https://spareto.co.uk/products/blue-print-timing-belt/adt37540,https://www.trodo.com/timing-belt-gates-5548xs,https://www.trodo.com/timing-belt-gates-5548xs,2026-09-30,Blue Print ADT37540 lists Toyota 13568-17030 and 13568-19195 with Dayco 94925 and Gates T1059/T1150; Gates 5548XS is the corresponding Gates timing belt listing. Detailed vehicle data includes Toyota Land Cruiser / Coaster 1HZ applications.
